h(,0):,heur is GAPDB,mutation_rate:0.6000000,size=2000000,with disjoint patterns
h(,1):,heur is GAPDB,mutation_rate:1.0000000,size=2000000,with disjoint patterns
h(,2):,heur is GAPDB,mutation_rate:0.8000000,size=2000000,without disjoint patterns
h(,3):,heur is GAPDB,mutation_rate:0.5000000,size=50000,without disjoint patterns
h(,4):,heur is GAPDB,mutation_rate:0.2000000,size=2000000,without disjoint patterns
h(,5):,No Name
bc(0/0/0/0/0/1)cc=3.83831e+10
bc(1/0/0/0/0/1)cc=2.35752e+09
bc(0/1/0/1/0/1)cc=1.70017e+06
bc(1/1/0/1/0/1)cc=1.70552e+06
bc(1/1/1/1/0/1)cc=419.856
bc(0/0/0/0/1/1)cc=1.51441e+06
bc(1/0/0/0/1/1)cc=324731
bc(0/1/0/1/1/1)cc=496031
bc(1/1/0/1/1/1)cc=224499
bc(0/1/1/1/1/1)cc=4.63263e+09
bc(1/1/1/1/1/1)cc=11101.9
