h(,0):,heur is GAPDB,mutation_rate:0.6000000,size=2000000,with disjoint patterns
h(,1):,heur is GAPDB,mutation_rate:0.8000000,size=2000000,without disjoint patterns
h(,2):,heur is GAPDB,mutation_rate:0.2000000,size=2000000,without disjoint patterns
h(,3):,heur is GAPDB,mutation_rate:1.0000000,size=2000000,with disjoint patterns
h(,4):,No Name
h(,5):,heur is GAPDB,mutation_rate:0.5000000,size=50000,without disjoint patterns
bc(0/0/0/0/1/0)cc=4.4694e+06
bc(0/0/0/1/1/0)cc=177396
bc(0/0/0/0/1/1)cc=85832.2
bc(0/0/1/0/1/1)cc=1317.96
bc(0/0/0/1/1/1)cc=329449
bc(1/0/0/1/1/1)cc=2638.88
bc(0/0/1/1/1/1)cc=481582
bc(1/0/1/1/1/1)cc=537.03
bc(0/1/1/1/1/1)cc=245953
bc(1/1/1/1/1/1)cc=460.729
