h(,0):,heur is GAPDB,mutation_rate:0.4000000,size=2000000,without disjoint patterns
h(,1):,heur is GAPDB,mutation_rate:0.8000000,size=2000000,without disjoint patterns
h(,2):,heur is GAPDB,mutation_rate:0.2000000,size=2000000,without disjoint patterns
h(,3):,heur is GAPDB,mutation_rate:1.0000000,size=2000000,with disjoint patterns
h(,4):,heur is GAPDB,mutation_rate:0.6000000,size=2000000,with disjoint patterns
h(,5):,heur is GAPDB,mutation_rate:0.5000000,size=50000,without disjoint patterns
bc(0/1/0/0/0/0)cc=1.53383e+08
bc(1/1/0/0/0/0)cc=2.30908e+07
bc(0/0/1/0/0/0)cc=1.34892e+10
bc(0/1/1/0/0/0)cc=2.69626e+07
bc(1/1/1/0/0/0)cc=414060
bc(0/0/1/1/0/0)cc=1.60352e+07
bc(0/1/1/1/0/0)cc=403351
bc(1/1/1/1/0/0)cc=59724.2
bc(1/1/0/0/1/0)cc=59495.6
bc(1/1/1/0/1/0)cc=29931.9
bc(0/0/1/0/0/1)cc=2.10365e+08
bc(0/1/1/0/0/1)cc=7.90514e+06
bc(1/1/1/0/0/1)cc=176232
bc(0/0/1/1/0/1)cc=1.54442e+07
bc(0/1/1/1/0/1)cc=2.24499e+06
bc(1/1/1/1/0/1)cc=73764.7
bc(1/1/1/0/1/1)cc=30128.8
bc(0/0/0/1/1/1)cc=2.60253e+06
bc(0/1/0/1/1/1)cc=179035
bc(1/1/0/1/1/1)cc=1855.01
bc(0/1/1/1/1/1)cc=5.7269e+08
bc(1/1/1/1/1/1)cc=8169.27
