h(,0):,heur is GAPDB,mutation_rate:0.5000000,size=50000,without disjoint patterns
h(,1):,heur is GAPDB,mutation_rate:0.6000000,size=2000000,with disjoint patterns
h(,2):,No Name
h(,3):,No Name
h(,4):,No Name
h(,5):,heur is GAPDB,mutation_rate:1.0000000,size=2000000,with disjoint patterns
bc(0/0/1/1/1/0)cc=1.3817e+20
bc(1/0/1/1/1/0)cc=1.73071e+18
bc(0/1/1/1/1/0)cc=7.72154e+18
bc(1/1/1/1/1/0)cc=3.40272e+15
bc(0/0/1/1/1/1)cc=5.6626e+17
bc(1/0/1/1/1/1)cc=2.18136e+15
bc(0/1/1/1/1/1)cc=7.67027e+18
bc(1/1/1/1/1/1)cc=4.00011e+10
