h(,0):,heur is GAPDB,mutation_rate:0.5000000,size=50000,without disjoint patterns
h(,1):,heur is GAPDB,mutation_rate:0.6000000,size=2000000,with disjoint patterns
h(,2):,No Name
h(,3):,No Name
h(,4):,No Name
h(,5):,heur is GAPDB,mutation_rate:1.0000000,size=2000000,with disjoint patterns
bc(0/0/1/1/1/0)cc=1.2494e+24
bc(1/0/1/1/1/0)cc=2.61878e+15
bc(0/1/1/1/1/0)cc=6.24965e+19
bc(1/1/1/1/1/0)cc=1.08987e+17
bc(0/0/1/1/1/1)cc=6.59757e+16
bc(1/0/1/1/1/1)cc=1.04632e+14
bc(0/1/1/1/1/1)cc=1.47383e+23
bc(1/1/1/1/1/1)cc=6.77209e+16
