h(,0):,No Name
h(,1):,heur is GAPDB,mutation_rate:1.0000000,size=2000000,with disjoint patterns
h(,2):,No Name
h(,3):,No Name
h(,4):,heur is GAPDB,mutation_rate:0.6000000,size=2000000,with disjoint patterns
h(,5):,heur is GAPDB,mutation_rate:0.5000000,size=50000,without disjoint patterns
bc(1/0/1/1/0/0)cc=1.17911e+13
bc(1/1/1/1/0/0)cc=129250
bc(1/1/1/1/1/0)cc=1486.02
bc(0/0/0/0/0/1)cc=1.31965e+10
bc(1/0/1/1/0/1)cc=3.4199e+10
bc(1/1/1/1/0/1)cc=1.50557e+07
bc(0/0/1/1/1/1)cc=3.78758e+11
bc(1/0/1/1/1/1)cc=3.33491e+10
bc(1/1/1/1/1/1)cc=595378
