h(,0):,heur is GAPDB,mutation_rate:1.0000000,size=2000000,with disjoint patterns
h(,1):,heur is GAPDB,mutation_rate:0.4000000,size=2000000,without disjoint patterns
h(,2):,heur is GAPDB,mutation_rate:0.6000000,size=2000000,with disjoint patterns
h(,3):,heur is GAPDB,mutation_rate:0.2000000,size=2000000,without disjoint patterns
h(,4):,heur is GAPDB,mutation_rate:0.5000000,size=50000,without disjoint patterns
h(,5):,heur is GAPDB,mutation_rate:0.8000000,size=2000000,without disjoint patterns
bc(1/0/0/0/0/0)cc=2.94668e+08
bc(1/1/0/0/0/0)cc=135.232
bc(1/0/0/0/1/0)cc=6055.03
bc(1/1/0/0/1/0)cc=327.04
bc(1/0/0/1/1/0)cc=27.648
bc(1/0/0/0/0/1)cc=4769.95
bc(1/0/0/1/0/1)cc=1081.46
bc(1/0/0/0/1/1)cc=46.188
bc(1/1/0/0/1/1)cc=2.592
bc(1/0/0/1/1/1)cc=160.396
bc(1/1/1/1/1/1)cc=598.697
