h(,0):,heur is GAPDB,mutation_rate:0.2000000,size=2000000,without disjoint patterns
h(,1):,heur is GAPDB,mutation_rate:1.0000000,size=2000000,with disjoint patterns
h(,2):,heur is GAPDB,mutation_rate:0.6000000,size=2000000,with disjoint patterns
h(,3):,heur is GAPDB,mutation_rate:0.5000000,size=50000,without disjoint patterns
h(,4):,heur is GAPDB,mutation_rate:0.8000000,size=2000000,without disjoint patterns
h(,5):,heur is GAPDB,mutation_rate:0.4000000,size=2000000,without disjoint patterns
bc(0/1/0/0/0/0)cc=3.74542e+10
bc(0/1/0/1/0/0)cc=1020.5
bc(0/1/0/0/1/0)cc=62157.1
bc(0/1/0/1/1/0)cc=160.032
bc(0/1/0/0/0/1)cc=16.736
bc(0/1/0/1/0/1)cc=64.896
bc(0/1/0/1/1/1)cc=413.484
bc(1/1/1/1/1/1)cc=1527.14
