h(,0):,heur is GAPDB,mutation_rate:0.2000000,size=2000000,without disjoint patterns
h(,1):,heur is GAPDB,mutation_rate:0.5000000,size=50000,without disjoint patterns
h(,2):,heur is GAPDB,mutation_rate:0.6000000,size=2000000,with disjoint patterns
h(,3):,heur is GAPDB,mutation_rate:0.8000000,size=2000000,without disjoint patterns
h(,4):,No Name
h(,5):,heur is GAPDB,mutation_rate:0.4000000,size=2000000,without disjoint patterns
bc(0/0/0/1/0/0)cc=7.488
bc(0/0/0/0/1/0)cc=1131.16
bc(0/0/0/1/1/0)cc=40.016
bc(1/1/1/1/1/1)cc=13.841
