h(,0):,heur is GAPDB,mutation_rate:0.8000000,size=2000000,without disjoint patterns
h(,1):,heur is GAPDB,mutation_rate:0.6000000,size=2000000,with disjoint patterns
h(,2):,heur is GAPDB,mutation_rate:0.5000000,size=50000,without disjoint patterns
h(,3):,heur is GAPDB,mutation_rate:0.2000000,size=2000000,without disjoint patterns
h(,4):,heur is GAPDB,mutation_rate:1.0000000,size=2000000,with disjoint patterns
h(,5):,heur is GAPDB,mutation_rate:0.4000000,size=2000000,without disjoint patterns
bc(0/0/0/0/1/0)cc=4.80748e+13
bc(1/0/0/0/1/0)cc=1813.28
bc(0/0/1/0/1/0)cc=7745.09
bc(1/0/1/0/1/0)cc=19.968
bc(0/0/0/0/1/1)cc=136157
bc(1/0/0/0/1/1)cc=78453.7
bc(0/0/1/0/1/1)cc=155.136
bc(1/0/1/0/1/1)cc=34195.4
bc(1/1/1/1/1/1)cc=82.117
