h(,0):,heur is GAPDB,mutation_rate:1.0000000,size=2000000,with disjoint patterns
h(,1):,No Name
h(,2):,heur is GAPDB,mutation_rate:0.6000000,size=2000000,with disjoint patterns
h(,3):,heur is GAPDB,mutation_rate:0.8000000,size=2000000,without disjoint patterns
h(,4):,heur is GAPDB,mutation_rate:0.5000000,size=50000,without disjoint patterns
h(,5):,No Name
bc(1/0/0/0/0/0)cc=3.52148e+17
bc(0/0/1/0/0/0)cc=6.13004e+18
bc(0/0/0/1/0/0)cc=9.33797e+16
bc(0/1/0/0/0/1)cc=1.10768e+21
bc(1/1/0/0/0/1)cc=4.52436e+18
bc(0/1/1/0/0/1)cc=4.6479e+19
bc(1/1/1/0/0/1)cc=2.52479e+18
bc(0/1/0/1/0/1)cc=6.10303e+17
bc(1/1/0/1/0/1)cc=5.03652e+15
bc(0/1/1/1/0/1)cc=1.78806e+18
bc(1/1/1/1/0/1)cc=6.89385e+17
bc(0/1/1/0/1/1)cc=2.25574e+15
bc(1/1/1/0/1/1)cc=3.11136e+15
bc(0/1/1/1/1/1)cc=1.92641e+21
bc(1/1/1/1/1/1)cc=2.09776e+16
