h(,0):,heur is GAPDB,mutation_rate:0.2000000,size=2000000,without disjoint patterns
h(,1):,heur is GAPDB,mutation_rate:1.0000000,size=2000000,with disjoint patterns
h(,2):,heur is GAPDB,mutation_rate:0.6000000,size=2000000,with disjoint patterns
h(,3):,heur is GAPDB,mutation_rate:0.8000000,size=2000000,without disjoint patterns
h(,4):,No Name
h(,5):,heur is GAPDB,mutation_rate:0.5000000,size=50000,without disjoint patterns
bc(1/0/0/0/0/0)cc=1.9882e+20
bc(0/0/0/0/1/0)cc=3.90277e+20
bc(1/0/0/0/1/0)cc=1.68128e+20
bc(0/1/0/0/1/0)cc=6.02353e+17
bc(1/1/0/0/1/0)cc=7.20712e+17
bc(1/0/1/0/1/0)cc=9.70642e+14
bc(1/0/0/1/1/0)cc=9.4699e+17
bc(1/1/0/1/1/0)cc=4.82548e+16
bc(0/0/0/0/0/1)cc=4.84409e+17
bc(1/0/0/0/0/1)cc=1.87902e+17
bc(0/0/0/0/1/1)cc=2.96616e+17
bc(1/0/0/0/1/1)cc=1.87176e+19
bc(1/1/0/0/1/1)cc=4.82002e+17
bc(1/0/1/0/1/1)cc=3.79037e+16
bc(1/1/1/0/1/1)cc=6.28825e+16
bc(1/0/0/1/1/1)cc=5.36959e+18
bc(1/1/0/1/1/1)cc=5.48186e+17
bc(1/0/1/1/1/1)cc=1.76185e+16
bc(0/1/1/1/1/1)cc=1.24661e+21
bc(1/1/1/1/1/1)cc=5.52422e+17
