h(,0):,heur is GAPDB,mutation_rate:0.6000000,size=2000000,with disjoint patterns
h(,1):,heur is GAPDB,mutation_rate:1.0000000,size=2000000,with disjoint patterns
h(,2):,heur is GAPDB,mutation_rate:0.5000000,size=50000,without disjoint patterns
h(,3):,heur is GAPDB,mutation_rate:0.8000000,size=2000000,without disjoint patterns
h(,4):,heur is GAPDB,mutation_rate:0.2000000,size=2000000,without disjoint patterns
h(,5):,heur is GAPDB,mutation_rate:0.4000000,size=2000000,without disjoint patterns
bc(1/0/1/1/1/0)cc=138.498
bc(1/1/1/0/0/1)cc=24.251
bc(1/0/1/1/0/1)cc=20.741
bc(1/1/1/1/0/1)cc=26.728
bc(1/0/1/0/1/1)cc=60.096
bc(1/1/1/0/1/1)cc=72.07
bc(1/0/1/1/1/1)cc=665.591
bc(1/1/1/1/1/1)cc=3790.1
