h(,0):,heur is GAPDB,mutation_rate:1.0000000,size=2000000,with disjoint patterns
h(,1):,heur is GAPDB,mutation_rate:0.2000000,size=2000000,without disjoint patterns
h(,2):,heur is GAPDB,mutation_rate:0.5000000,size=50000,without disjoint patterns
h(,3):,heur is GAPDB,mutation_rate:0.6000000,size=2000000,with disjoint patterns
h(,4):,heur is GAPDB,mutation_rate:0.8000000,size=2000000,without disjoint patterns
h(,5):,No Name
bc(0/0/0/0/0/1)cc=7.69631e+16
bc(1/0/0/0/0/1)cc=2.81377e+11
bc(0/0/1/0/0/1)cc=3.74123e+11
bc(1/0/1/0/0/1)cc=1.75057e+11
bc(0/1/1/0/0/1)cc=3.32661e+08
bc(1/0/0/1/0/1)cc=1.15773e+10
bc(0/0/1/1/0/1)cc=3.14674e+11
bc(1/0/1/1/0/1)cc=6.06681e+10
bc(0/1/1/1/0/1)cc=1.43004e+07
bc(1/1/1/1/0/1)cc=3.20669e+09
bc(0/1/1/0/1/1)cc=1.86505e+07
bc(1/1/1/0/1/1)cc=1.0368e+08
bc(1/0/1/1/1/1)cc=1.27344e+09
bc(0/1/1/1/1/1)cc=2.22247e+07
bc(1/1/1/1/1/1)cc=1.18467e+09
