h(,0):,heur is GAPDB,mutation_rate:0.6000000,size=2000000,with disjoint patterns
h(,1):,heur is GAPDB,mutation_rate:0.5000000,size=50000,without disjoint patterns
h(,2):,heur is GAPDB,mutation_rate:0.2000000,size=2000000,without disjoint patterns
h(,3):,heur is GAPDB,mutation_rate:0.4000000,size=2000000,without disjoint patterns
h(,4):,heur is GAPDB,mutation_rate:1.0000000,size=2000000,with disjoint patterns
h(,5):,heur is GAPDB,mutation_rate:0.8000000,size=2000000,without disjoint patterns
bc(0/1/0/0/0/0)cc=384628
bc(1/1/0/0/0/0)cc=2005.27
bc(0/0/1/0/0/0)cc=414003
bc(1/0/1/0/0/0)cc=1212.33
bc(0/1/1/0/0/0)cc=39277.5
bc(1/1/1/0/0/0)cc=3362.57
bc(0/1/0/1/0/0)cc=16506.5
bc(1/1/0/1/0/0)cc=282.932
bc(0/1/1/1/0/0)cc=199.854
bc(1/1/1/1/0/0)cc=1715.88
bc(0/1/1/0/1/0)cc=1.878
bc(0/1/0/1/1/0)cc=2.136
bc(1/1/0/0/0/1)cc=143.476
bc(0/0/1/0/0/1)cc=333.634
bc(0/1/1/0/0/1)cc=4.8
bc(1/1/1/0/0/1)cc=6827
bc(0/1/0/1/0/1)cc=0.208
bc(1/1/0/1/0/1)cc=385.356
bc(1/1/1/1/0/1)cc=1405.37
bc(1/1/1/0/1/1)cc=6.48
bc(1/1/1/1/1/1)cc=3512.63
