h(,0):,No Name
h(,1):,heur is GAPDB,mutation_rate:0.5000000,size=50000,without disjoint patterns
h(,2):,No Name
h(,3):,heur is GAPDB,mutation_rate:0.6000000,size=2000000,with disjoint patterns
h(,4):,heur is GAPDB,mutation_rate:1.0000000,size=2000000,with disjoint patterns
h(,5):,heur is GAPDB,mutation_rate:0.8000000,size=2000000,without disjoint patterns
bc(1/0/1/0/0/0)cc=9.72222e+12
bc(1/1/1/0/0/0)cc=7.57323e+09
bc(1/0/1/1/0/0)cc=1.37818e+09
bc(1/1/1/1/0/0)cc=2.08386e+08
bc(1/1/1/0/1/0)cc=307369
bc(1/0/1/1/1/0)cc=1.24582e+06
bc(1/1/1/1/1/0)cc=5.6361e+06
bc(1/0/1/0/0/1)cc=229314
bc(1/1/1/0/0/1)cc=872415
bc(1/0/1/1/0/1)cc=238760
bc(1/1/1/1/0/1)cc=237696
bc(1/1/1/0/1/1)cc=30743.7
bc(1/0/1/1/1/1)cc=363579
bc(1/1/1/1/1/1)cc=8.14261e+06
