h(,0):,No Name
h(,1):,heur is GAPDB,mutation_rate:0.8000000,size=2000000,without disjoint patterns
h(,2):,No Name
h(,3):,heur is GAPDB,mutation_rate:0.5000000,size=50000,without disjoint patterns
h(,4):,heur is GAPDB,mutation_rate:0.6000000,size=2000000,with disjoint patterns
h(,5):,heur is GAPDB,mutation_rate:1.0000000,size=2000000,with disjoint patterns
bc(1/0/1/0/0/0)cc=4.25015e+20
bc(1/1/1/0/0/0)cc=7.89825e+15
bc(1/1/1/1/0/0)cc=3.24375e+10
bc(1/1/1/0/1/0)cc=1.90551e+09
bc(1/0/1/0/0/1)cc=6.56934e+12
bc(1/1/1/0/0/1)cc=7.79395e+13
bc(1/1/1/1/0/1)cc=1.17795e+12
bc(1/1/1/0/1/1)cc=4.7332e+10
bc(1/1/1/1/1/1)cc=4.29095e+11
