h(,0):,No Name
h(,1):,heur is GAPDB,mutation_rate:0.5000000,size=50000,without disjoint patterns
h(,2):,heur is GAPDB,mutation_rate:1.0000000,size=2000000,with disjoint patterns
h(,3):,heur is GAPDB,mutation_rate:0.6000000,size=2000000,with disjoint patterns
h(,4):,heur is GAPDB,mutation_rate:0.8000000,size=2000000,without disjoint patterns
h(,5):,No Name
bc(1/0/0/0/0/1)cc=6.06712e+19
bc(1/0/1/0/0/1)cc=6.38354e+13
bc(1/1/1/0/0/1)cc=5.38132e+09
bc(1/0/1/1/0/1)cc=2.21875e+09
bc(1/0/0/0/1/1)cc=1.1076e+13
bc(1/0/1/0/1/1)cc=9.77992e+12
bc(1/1/1/0/1/1)cc=9.77738e+10
bc(1/0/1/1/1/1)cc=1.17803e+11
bc(1/1/1/1/1/1)cc=1.3882e+11
