h(,0):,heur is GAPDB,mutation_rate:0.6000000,size=2000000,with disjoint patterns
h(,1):,heur is GAPDB,mutation_rate:1.0000000,size=2000000,with disjoint patterns
h(,2):,heur is GAPDB,mutation_rate:0.5000000,size=50000,without disjoint patterns
h(,3):,heur is GAPDB,mutation_rate:0.8000000,size=2000000,without disjoint patterns
h(,4):,heur is GAPDB,mutation_rate:0.4000000,size=2000000,without disjoint patterns
h(,5):,heur is GAPDB,mutation_rate:0.2000000,size=2000000,without disjoint patterns
bc(1/0/0/0/0/0)cc=1.27244e+06
bc(0/0/1/0/0/0)cc=76717.1
bc(1/0/1/0/0/0)cc=19279.1
bc(0/1/0/1/0/0)cc=10954.2
bc(1/1/0/1/0/0)cc=36476.6
bc(0/1/1/1/1/0)cc=17679.7
bc(1/0/0/0/0/1)cc=12641.3
bc(1/0/1/0/0/1)cc=72.072
bc(0/0/1/1/1/1)cc=109654
bc(0/1/1/1/1/1)cc=22292.5
bc(1/1/1/1/1/1)cc=56893.5
