h(,0):,heur is GAPDB,mutation_rate:0.5000000,size=50000,without disjoint patterns
h(,1):,heur is GAPDB,mutation_rate:0.6000000,size=2000000,with disjoint patterns
h(,2):,heur is GAPDB,mutation_rate:1.0000000,size=2000000,with disjoint patterns
h(,3):,heur is GAPDB,mutation_rate:0.8000000,size=2000000,without disjoint patterns
h(,4):,heur is GAPDB,mutation_rate:0.4000000,size=2000000,without disjoint patterns
h(,5):,heur is GAPDB,mutation_rate:0.2000000,size=2000000,without disjoint patterns
bc(1/0/0/0/0/0)cc=2.26748e+08
bc(0/1/1/0/0/0)cc=6.09693e+06
bc(1/1/1/0/0/0)cc=752692
bc(1/0/0/0/1/0)cc=1.47668e+06
bc(1/0/0/1/0/1)cc=787948
bc(1/1/1/1/0/1)cc=51717.5
bc(1/0/0/1/1/1)cc=271010
bc(1/1/1/1/1/1)cc=885744
