h(,0):,heur is GAPDB,mutation_rate:0.6000000,size=2000000,with disjoint patterns
h(,1):,heur is GAPDB,mutation_rate:1.0000000,size=2000000,with disjoint patterns
h(,2):,heur is GAPDB,mutation_rate:0.2000000,size=2000000,without disjoint patterns
h(,3):,heur is GAPDB,mutation_rate:0.4000000,size=2000000,without disjoint patterns
h(,4):,heur is GAPDB,mutation_rate:0.5000000,size=50000,without disjoint patterns
h(,5):,heur is GAPDB,mutation_rate:0.8000000,size=2000000,without disjoint patterns
bc(1/0/0/0/0/0)cc=3.00556e+07
bc(1/0/1/0/0/0)cc=4.32699e+06
bc(0/0/0/0/1/0)cc=2.01861e+09
bc(1/0/0/0/1/0)cc=1.51687e+07
bc(1/0/1/0/1/0)cc=1.78989e+06
bc(0/0/0/1/1/0)cc=8.4878e+06
bc(1/0/1/1/1/0)cc=1.82488e+06
bc(0/0/0/0/0/1)cc=2.75675e+10
bc(1/0/0/0/0/1)cc=1.51526e+08
bc(1/1/0/0/0/1)cc=8.17124e+08
bc(1/0/1/0/0/1)cc=7.98343e+07
bc(1/1/1/0/0/1)cc=2.66165e+09
bc(0/0/0/0/1/1)cc=2.84115e+09
bc(1/0/0/0/1/1)cc=6.31127e+07
bc(1/1/0/0/1/1)cc=9.03327e+08
bc(1/0/1/0/1/1)cc=1.45036e+07
bc(1/1/1/0/1/1)cc=3.49331e+08
bc(0/0/0/1/1/1)cc=1.28996e+08
bc(1/0/0/1/1/1)cc=4.21314e+07
bc(1/1/0/1/1/1)cc=3362.67
bc(0/0/1/1/1/1)cc=2.82585e+10
bc(1/0/1/1/1/1)cc=2.01111e+09
bc(1/1/1/1/1/1)cc=3.81858e+08
