h(,0):,heur is GAPDB,mutation_rate:0.6000000,size=2000000,with disjoint patterns
h(,1):,heur is GAPDB,mutation_rate:1.0000000,size=2000000,with disjoint patterns
h(,2):,heur is GAPDB,mutation_rate:0.2000000,size=2000000,without disjoint patterns
h(,3):,heur is GAPDB,mutation_rate:0.4000000,size=2000000,without disjoint patterns
h(,4):,heur is GAPDB,mutation_rate:0.5000000,size=50000,without disjoint patterns
h(,5):,heur is GAPDB,mutation_rate:0.8000000,size=2000000,without disjoint patterns
bc(1/0/0/0/0/0)cc=4.08962e+07
bc(1/0/1/0/0/0)cc=3.65724e+06
bc(0/0/0/0/1/0)cc=3.28887e+09
bc(1/0/0/0/1/0)cc=1.5012e+07
bc(1/0/1/0/1/0)cc=1.41179e+06
bc(0/0/0/1/1/0)cc=5.01391e+06
bc(1/0/1/1/1/0)cc=2.08152e+06
bc(0/0/0/0/0/1)cc=3.51224e+10
bc(1/0/0/0/0/1)cc=1.7037e+08
bc(1/1/0/0/0/1)cc=8.24025e+08
bc(1/0/1/0/0/1)cc=1.18634e+08
bc(1/1/1/0/0/1)cc=2.47035e+09
bc(0/0/0/0/1/1)cc=4.03963e+09
bc(1/0/0/0/1/1)cc=5.9819e+07
bc(1/1/0/0/1/1)cc=7.0648e+08
bc(1/0/1/0/1/1)cc=1.54896e+07
bc(1/1/1/0/1/1)cc=3.61536e+08
bc(0/0/0/1/1/1)cc=1.67788e+08
bc(1/0/0/1/1/1)cc=3.33501e+07
bc(1/1/0/1/1/1)cc=3952.01
bc(0/0/1/1/1/1)cc=3.76083e+10
bc(1/0/1/1/1/1)cc=1.60501e+09
bc(1/1/1/1/1/1)cc=5.79797e+08
