h(,0):,heur is GAPDB,mutation_rate:0.6000000,size=2000000,with disjoint patterns
h(,1):,heur is GAPDB,mutation_rate:1.0000000,size=2000000,with disjoint patterns
h(,2):,heur is GAPDB,mutation_rate:0.5000000,size=50000,without disjoint patterns
h(,3):,heur is GAPDB,mutation_rate:0.8000000,size=2000000,without disjoint patterns
h(,4):,heur is GAPDB,mutation_rate:0.2000000,size=2000000,without disjoint patterns
h(,5):,heur is GAPDB,mutation_rate:0.4000000,size=2000000,without disjoint patterns
bc(1/0/1/1/1/0)cc=137.953
bc(1/1/1/0/0/1)cc=23.709
bc(1/0/1/1/0/1)cc=19.587
bc(1/1/1/1/0/1)cc=25.34
bc(1/0/1/0/1/1)cc=57.756
bc(1/1/1/0/1/1)cc=69.262
bc(1/0/1/1/1/1)cc=669.689
bc(1/1/1/1/1/1)cc=3818.53
