h(,0):,heur is GAPDB,mutation_rate:0.4000000,size=2000000,without disjoint patterns
h(,1):,heur is GAPDB,mutation_rate:0.8000000,size=2000000,without disjoint patterns
h(,2):,heur is GAPDB,mutation_rate:0.2000000,size=2000000,without disjoint patterns
h(,3):,heur is GAPDB,mutation_rate:1.0000000,size=2000000,with disjoint patterns
h(,4):,heur is GAPDB,mutation_rate:0.6000000,size=2000000,with disjoint patterns
h(,5):,heur is GAPDB,mutation_rate:0.5000000,size=50000,without disjoint patterns
bc(0/1/0/0/0/0)cc=1.68126e+08
bc(1/1/0/0/0/0)cc=1.61848e+07
bc(0/0/1/0/0/0)cc=8.73326e+09
bc(0/1/1/0/0/0)cc=1.5802e+07
bc(1/1/1/0/0/0)cc=313008
bc(0/1/1/1/0/0)cc=294097
bc(1/1/1/1/0/0)cc=40637.9
bc(1/1/0/0/1/0)cc=220071
bc(1/1/1/0/1/0)cc=32786.4
bc(0/0/1/0/0/1)cc=9.1267e+07
bc(0/1/1/0/0/1)cc=5.98085e+06
bc(1/1/1/0/0/1)cc=74068.6
bc(0/0/1/1/0/1)cc=3.6269e+07
bc(0/1/1/1/0/1)cc=1.97963e+06
bc(1/1/1/1/0/1)cc=58120.8
bc(1/1/1/0/1/1)cc=25324.8
bc(0/0/0/1/1/1)cc=2.48408e+06
bc(0/1/0/1/1/1)cc=157322
bc(1/1/0/1/1/1)cc=2043.87
bc(0/1/1/1/1/1)cc=7.61354e+08
bc(1/1/1/1/1/1)cc=7427.17
