h(,0):,heur is GAPDB,mutation_rate:0.6000000,size=2000000,with disjoint patterns
h(,1):,heur is GAPDB,mutation_rate:0.8000000,size=2000000,without disjoint patterns
h(,2):,heur is GAPDB,mutation_rate:0.2000000,size=2000000,without disjoint patterns
h(,3):,heur is GAPDB,mutation_rate:1.0000000,size=2000000,with disjoint patterns
h(,4):,No Name
h(,5):,heur is GAPDB,mutation_rate:0.5000000,size=50000,without disjoint patterns
bc(0/0/0/0/1/0)cc=4.00098e+06
bc(0/0/0/1/1/0)cc=211465
bc(0/0/0/0/1/1)cc=95702.1
bc(0/0/1/0/1/1)cc=476.736
bc(0/0/0/1/1/1)cc=419707
bc(1/0/0/1/1/1)cc=2867.26
bc(0/0/1/1/1/1)cc=613090
bc(1/0/1/1/1/1)cc=279.474
bc(0/1/1/1/1/1)cc=163271
bc(1/1/1/1/1/1)cc=545.797
