h(,0):,heur is GAPDB,mutation_rate:0.5000000,size=50000,without disjoint patterns
h(,1):,heur is GAPDB,mutation_rate:0.6000000,size=2000000,with disjoint patterns
h(,2):,No Name
h(,3):,No Name
h(,4):,No Name
h(,5):,heur is GAPDB,mutation_rate:1.0000000,size=2000000,with disjoint patterns
bc(0/0/1/1/1/0)cc=5.92192e+20
bc(1/0/1/1/1/0)cc=1.62306e+18
bc(0/1/1/1/1/0)cc=2.07819e+19
bc(1/1/1/1/1/0)cc=9.28575e+16
bc(0/0/1/1/1/1)cc=5.8539e+18
bc(1/0/1/1/1/1)cc=8.71479e+14
bc(0/1/1/1/1/1)cc=4.17042e+19
bc(1/1/1/1/1/1)cc=3.02979e+12
