h(,0):,heur is GAPDB,mutation_rate:0.5000000,size=50000,without disjoint patterns
h(,1):,heur is GAPDB,mutation_rate:0.6000000,size=2000000,with disjoint patterns
h(,2):,No Name
h(,3):,No Name
h(,4):,No Name
h(,5):,heur is GAPDB,mutation_rate:1.0000000,size=2000000,with disjoint patterns
bc(0/0/1/1/1/0)cc=2.50045e+24
bc(1/0/1/1/1/0)cc=7.96964e+16
bc(0/1/1/1/1/0)cc=6.06969e+18
bc(1/1/1/1/1/0)cc=2.56705e+17
bc(0/0/1/1/1/1)cc=1.33211e+17
bc(1/0/1/1/1/1)cc=3.11566e+13
bc(0/1/1/1/1/1)cc=2.43642e+23
bc(1/1/1/1/1/1)cc=3.78484e+16
