h(,0):,heur is GAPDB,mutation_rate:0.2000000,size=2000000,without disjoint patterns
h(,1):,heur is GAPDB,mutation_rate:0.5000000,size=50000,without disjoint patterns
h(,2):,heur is GAPDB,mutation_rate:1.0000000,size=2000000,with disjoint patterns
h(,3):,heur is GAPDB,mutation_rate:0.6000000,size=2000000,with disjoint patterns
h(,4):,heur is GAPDB,mutation_rate:0.4000000,size=2000000,without disjoint patterns
h(,5):,heur is GAPDB,mutation_rate:0.8000000,size=2000000,without disjoint patterns
bc(1/0/0/0/0/0)cc=115022
bc(0/1/0/0/0/0)cc=1.16472e+10
bc(1/1/0/0/0/0)cc=225582
bc(0/1/0/1/0/0)cc=1.90925e+08
bc(0/0/0/0/1/0)cc=1.06001e+09
bc(0/1/0/0/1/0)cc=2.84703e+08
bc(0/1/0/1/1/0)cc=1.3255e+06
bc(1/0/0/0/0/1)cc=1.87428e+08
bc(1/1/0/0/0/1)cc=1.04263e+09
bc(1/0/1/0/0/1)cc=7.33076e+08
bc(1/1/1/0/0/1)cc=8.74811e+08
bc(1/1/0/1/0/1)cc=3.10344e+06
bc(1/1/1/1/0/1)cc=1.39877e+06
bc(1/0/0/0/1/1)cc=5177.11
bc(1/1/0/0/1/1)cc=24838.4
bc(1/0/1/0/1/1)cc=190284
bc(1/1/1/0/1/1)cc=1.85444e+06
bc(1/1/0/1/1/1)cc=48833.5
bc(1/1/1/1/1/1)cc=61664.8
