h(,0):,heur is GAPDB,mutation_rate:0.6000000,size=2000000,with disjoint patterns
h(,1):,heur is GAPDB,mutation_rate:1.0000000,size=2000000,with disjoint patterns
h(,2):,heur is GAPDB,mutation_rate:0.5000000,size=50000,without disjoint patterns
h(,3):,heur is GAPDB,mutation_rate:0.8000000,size=2000000,without disjoint patterns
h(,4):,No Name
h(,5):,heur is GAPDB,mutation_rate:0.2000000,size=2000000,without disjoint patterns
bc(0/0/0/0/1/0)cc=1.00907e+06
bc(1/0/0/0/1/0)cc=8656.61
bc(0/0/1/0/1/0)cc=56526
bc(1/0/1/0/1/0)cc=31709
bc(0/0/0/1/1/0)cc=1425.03
bc(1/0/0/1/1/0)cc=260.4
bc(1/0/1/1/1/0)cc=1095.45
bc(1/1/1/1/1/0)cc=2.54
bc(0/0/0/0/1/1)cc=2433.48
bc(1/0/0/0/1/1)cc=5.34
bc(0/0/1/0/1/1)cc=43.32
bc(1/0/1/0/1/1)cc=499.02
bc(1/1/1/0/1/1)cc=30.84
bc(1/0/0/1/1/1)cc=40.35
bc(0/0/1/1/1/1)cc=38209.4
bc(1/0/1/1/1/1)cc=3255.92
bc(1/1/1/1/1/1)cc=118.372
