h(,0):,heur is GAPDB,mutation_rate:0.6000000,size=2000000,with disjoint patterns
h(,1):,heur is GAPDB,mutation_rate:1.0000000,size=2000000,with disjoint patterns
h(,2):,heur is GAPDB,mutation_rate:0.5000000,size=50000,without disjoint patterns
h(,3):,heur is GAPDB,mutation_rate:0.8000000,size=2000000,without disjoint patterns
h(,4):,No Name
h(,5):,heur is GAPDB,mutation_rate:0.2000000,size=2000000,without disjoint patterns
bc(0/0/0/0/1/0)cc=73012.9
bc(0/1/0/0/1/0)cc=716.512
bc(0/0/1/0/1/0)cc=1438.61
bc(0/1/1/0/1/0)cc=280.864
bc(1/1/1/0/1/0)cc=5.824
bc(0/0/0/1/1/0)cc=26.592
bc(0/1/0/1/1/0)cc=30.688
bc(1/1/0/1/1/0)cc=1.248
bc(0/0/1/1/1/0)cc=2.496
bc(0/1/1/1/1/0)cc=16.448
bc(0/0/0/0/1/1)cc=159.728
bc(0/1/0/0/1/1)cc=183.472
bc(0/0/1/0/1/1)cc=4.032
bc(0/1/1/0/1/1)cc=269.152
bc(1/1/1/0/1/1)cc=69.016
bc(0/1/0/1/1/1)cc=31.392
bc(0/0/1/1/1/1)cc=2.08
bc(0/1/1/1/1/1)cc=15.952
bc(1/1/1/1/1/1)cc=164.729
