h(,0):,heur is GAPDB,mutation_rate:0.6000000,size=2000000,with disjoint patterns
h(,1):,heur is GAPDB,mutation_rate:1.0000000,size=2000000,with disjoint patterns
h(,2):,heur is GAPDB,mutation_rate:0.5000000,size=50000,without disjoint patterns
h(,3):,heur is GAPDB,mutation_rate:0.8000000,size=2000000,without disjoint patterns
h(,4):,No Name
h(,5):,heur is GAPDB,mutation_rate:0.2000000,size=2000000,without disjoint patterns
bc(0/0/0/0/1/0)cc=639450
bc(0/1/0/0/1/0)cc=121.004
bc(1/1/0/0/1/0)cc=6.318
bc(0/0/1/0/1/0)cc=3990.47
bc(1/0/1/0/1/0)cc=82.55
bc(0/1/1/0/1/0)cc=137.852
bc(0/0/0/1/1/0)cc=2431.32
bc(0/0/1/1/1/0)cc=2045.59
bc(1/0/1/1/1/0)cc=21.671
bc(0/1/1/1/1/0)cc=325.962
bc(1/1/1/1/1/0)cc=95.862
bc(0/1/0/0/1/1)cc=271.128
bc(0/0/1/0/1/1)cc=20.8
bc(0/1/1/0/1/1)cc=24.648
bc(1/1/1/0/1/1)cc=9.698
bc(0/0/1/1/1/1)cc=1901.74
bc(1/0/1/1/1/1)cc=1.144
bc(0/1/1/1/1/1)cc=11.674
bc(1/1/1/1/1/1)cc=297.942
