h(,0):,heur is GAPDB,mutation_rate:0.6000000,size=2000000,with disjoint patterns
h(,1):,heur is GAPDB,mutation_rate:1.0000000,size=2000000,with disjoint patterns
h(,2):,heur is GAPDB,mutation_rate:0.5000000,size=50000,without disjoint patterns
h(,3):,heur is GAPDB,mutation_rate:0.8000000,size=2000000,without disjoint patterns
h(,4):,No Name
h(,5):,heur is GAPDB,mutation_rate:0.2000000,size=2000000,without disjoint patterns
bc(0/0/0/0/1/0)cc=45948.4
bc(0/1/0/0/1/0)cc=394.911
bc(0/0/1/0/1/0)cc=733.887
bc(0/1/1/0/1/0)cc=157.641
bc(1/1/1/0/1/0)cc=9.999
bc(0/1/0/1/1/0)cc=7.425
bc(0/0/1/1/1/0)cc=35.948
bc(0/0/0/0/1/1)cc=66.088
bc(0/1/0/0/1/1)cc=117.139
bc(0/0/1/0/1/1)cc=26.4
bc(0/1/1/0/1/1)cc=72.762
bc(0/0/1/1/1/1)cc=6.336
bc(0/1/1/1/1/1)cc=64.144
bc(1/1/1/1/1/1)cc=23.789
