h(,0):,heur is GAPDB,mutation_rate:0.6000000,size=2000000,with disjoint patterns
h(,1):,heur is GAPDB,mutation_rate:1.0000000,size=2000000,with disjoint patterns
h(,2):,heur is GAPDB,mutation_rate:0.5000000,size=50000,without disjoint patterns
h(,3):,heur is GAPDB,mutation_rate:0.8000000,size=2000000,without disjoint patterns
h(,4):,No Name
h(,5):,heur is GAPDB,mutation_rate:0.2000000,size=2000000,without disjoint patterns
bc(0/0/0/0/1/0)cc=2.50828e+10
bc(1/0/0/0/1/0)cc=334.8
bc(0/0/1/0/1/0)cc=1.22116e+07
bc(1/0/1/0/1/0)cc=190138
bc(1/1/1/0/1/0)cc=169.62
bc(0/0/1/1/1/0)cc=215.16
bc(1/0/1/1/1/0)cc=5423.04
bc(1/1/1/1/1/0)cc=849.3
bc(0/0/1/1/1/1)cc=3.05283e+07
bc(1/1/1/1/1/1)cc=50.325
