h(,0):,heur is GAPDB,mutation_rate:0.2000000,size=2000000,without disjoint patterns
h(,1):,heur is GAPDB,mutation_rate:0.5000000,size=50000,without disjoint patterns
h(,2):,heur is GAPDB,mutation_rate:1.0000000,size=2000000,with disjoint patterns
h(,3):,heur is GAPDB,mutation_rate:0.6000000,size=2000000,with disjoint patterns
h(,4):,heur is GAPDB,mutation_rate:0.4000000,size=2000000,without disjoint patterns
h(,5):,heur is GAPDB,mutation_rate:0.8000000,size=2000000,without disjoint patterns
bc(1/0/0/0/0/0)cc=12877.6
bc(0/1/0/0/0/0)cc=1.18252e+10
bc(1/1/0/0/0/0)cc=147091
bc(0/1/0/1/0/0)cc=1.54256e+08
bc(0/0/0/0/1/0)cc=6.26613e+08
bc(0/1/0/0/1/0)cc=1.38042e+07
bc(0/1/0/1/1/0)cc=1.76994e+06
bc(1/0/0/0/0/1)cc=1.14742e+08
bc(1/1/0/0/0/1)cc=7.0568e+06
bc(1/0/1/0/0/1)cc=3.39678e+08
bc(1/1/1/0/0/1)cc=1.28123e+09
bc(1/1/0/1/0/1)cc=1.11586e+06
bc(1/1/1/1/0/1)cc=105541
bc(1/0/0/0/1/1)cc=4288.28
bc(1/1/0/0/1/1)cc=20182.4
bc(1/0/1/0/1/1)cc=218675
bc(1/1/1/0/1/1)cc=1.93575e+07
bc(1/1/0/1/1/1)cc=35890.5
bc(1/1/1/1/1/1)cc=26886.6
