h(,0):,heur is GAPDB,mutation_rate:0.8000000,size=2000000,without disjoint patterns
h(,1):,heur is GAPDB,mutation_rate:0.5000000,size=50000,without disjoint patterns
h(,2):,No Name
h(,3):,heur is GAPDB,mutation_rate:0.2000000,size=2000000,without disjoint patterns
h(,4):,heur is GAPDB,mutation_rate:0.6000000,size=2000000,with disjoint patterns
h(,5):,heur is GAPDB,mutation_rate:0.4000000,size=2000000,without disjoint patterns
bc(1/0/0/0/0/0)cc=1479.22
bc(0/0/1/0/0/0)cc=107661
bc(1/0/1/0/0/0)cc=4701.68
bc(0/0/1/1/1/1)cc=14114.5
bc(1/0/1/1/1/1)cc=1120.82
bc(0/1/1/1/1/1)cc=87658.2
bc(1/1/1/1/1/1)cc=358.867
