h(,0):,No Name
h(,1):,heur is GAPDB,mutation_rate:0.5000000,size=50000,without disjoint patterns
h(,2):,heur is GAPDB,mutation_rate:0.8000000,size=2000000,without disjoint patterns
h(,3):,heur is GAPDB,mutation_rate:0.6000000,size=2000000,with disjoint patterns
h(,4):,heur is GAPDB,mutation_rate:0.4000000,size=2000000,without disjoint patterns
h(,5):,heur is GAPDB,mutation_rate:0.2000000,size=2000000,without disjoint patterns
bc(1/0/0/0/0/0)cc=22681.8
bc(0/0/1/0/0/0)cc=31.104
bc(1/0/1/0/0/0)cc=867.672
bc(0/0/0/0/1/0)cc=184.032
bc(1/0/0/0/1/0)cc=1129.98
bc(1/0/1/0/1/0)cc=1054.26
bc(0/0/1/1/1/1)cc=13907.8
bc(1/0/1/1/1/1)cc=10457.7
bc(1/1/1/1/1/1)cc=126.182
