h(,0):,heur is GAPDB,mutation_rate:0.5000000,size=50000,without disjoint patterns
h(,1):,heur is GAPDB,mutation_rate:0.6000000,size=2000000,with disjoint patterns
h(,2):,No Name
h(,3):,heur is GAPDB,mutation_rate:1.0000000,size=2000000,with disjoint patterns
h(,4):,No Name
h(,5):,heur is GAPDB,mutation_rate:0.8000000,size=2000000,without disjoint patterns
bc(0/0/1/0/1/0)cc=6.4999e+20
bc(1/0/1/0/1/0)cc=200036
bc(0/1/1/0/1/0)cc=222165
bc(1/1/1/0/1/0)cc=22606.3
bc(0/0/1/0/1/1)cc=2194.7
bc(1/1/1/0/1/1)cc=2381.74
bc(0/0/1/1/1/1)cc=1506.01
bc(1/0/1/1/1/1)cc=90.24
bc(1/1/1/1/1/1)cc=8427.82
