h(,0):,heur is GAPDB,mutation_rate:0.5000000,size=50000,without disjoint patterns
h(,1):,heur is GAPDB,mutation_rate:0.6000000,size=2000000,with disjoint patterns
h(,2):,heur is GAPDB,mutation_rate:1.0000000,size=2000000,with disjoint patterns
h(,3):,heur is GAPDB,mutation_rate:0.2000000,size=2000000,without disjoint patterns
h(,4):,heur is GAPDB,mutation_rate:0.8000000,size=2000000,without disjoint patterns
h(,5):,heur is GAPDB,mutation_rate:0.4000000,size=2000000,without disjoint patterns
bc(0/1/0/0/0/0)cc=1313.93
bc(0/0/0/0/1/0)cc=420.6
bc(0/1/0/0/1/0)cc=253.16
bc(0/1/0/0/0/1)cc=272.28
bc(0/0/0/0/1/1)cc=760.136
bc(0/1/0/0/1/1)cc=124.002
bc(0/1/1/1/1/1)cc=1955.13
