h(,0):,heur is GAPDB,mutation_rate:0.6000000,size=2000000,with disjoint patterns
h(,1):,heur is GAPDB,mutation_rate:0.8000000,size=2000000,without disjoint patterns
h(,2):,heur is GAPDB,mutation_rate:0.2000000,size=2000000,without disjoint patterns
h(,3):,heur is GAPDB,mutation_rate:0.5000000,size=50000,without disjoint patterns
h(,4):,heur is GAPDB,mutation_rate:1.0000000,size=2000000,with disjoint patterns
h(,5):,heur is GAPDB,mutation_rate:0.4000000,size=2000000,without disjoint patterns
bc(1/0/0/0/0/0)cc=3.74858e+07
bc(0/1/0/0/0/0)cc=2.65165e+07
bc(0/0/1/0/0/0)cc=2.8871e+07
bc(1/0/1/0/0/0)cc=1.35237e+07
bc(0/1/1/0/0/0)cc=1.49218e+06
bc(0/0/1/0/1/0)cc=1.68507e+07
bc(1/0/1/0/1/0)cc=5.55824e+06
bc(0/1/1/0/1/0)cc=20706.9
bc(1/1/1/0/1/0)cc=2.7729e+06
bc(0/0/1/1/1/0)cc=718524
bc(1/0/1/1/1/0)cc=69360.8
bc(1/1/1/1/1/0)cc=264764
bc(0/0/0/0/0/1)cc=3.15127e+07
bc(0/0/1/0/0/1)cc=7.25432e+06
bc(0/0/1/1/0/1)cc=864977
bc(0/0/0/1/1/1)cc=4.25407e+07
bc(0/0/1/1/1/1)cc=270232
bc(1/0/1/1/1/1)cc=3.89111e+06
bc(0/1/1/1/1/1)cc=1.17807e+08
bc(1/1/1/1/1/1)cc=6.002
