h(,0):,heur is GAPDB,mutation_rate:0.5000000,size=50000,without disjoint patterns
h(,1):,heur is GAPDB,mutation_rate:0.6000000,size=2000000,with disjoint patterns
h(,2):,heur is GAPDB,mutation_rate:0.8000000,size=2000000,without disjoint patterns
h(,3):,heur is GAPDB,mutation_rate:0.4000000,size=2000000,without disjoint patterns
h(,4):,heur is GAPDB,mutation_rate:0.2000000,size=2000000,without disjoint patterns
h(,5):,heur is GAPDB,mutation_rate:1.0000000,size=2000000,with disjoint patterns
bc(1/0/0/0/0/0)cc=7.41965e+11
bc(0/0/0/1/0/0)cc=3.67589e+09
bc(1/0/0/1/0/0)cc=1.22544e+09
bc(0/0/0/0/1/0)cc=1.43312e+08
bc(1/0/0/0/1/0)cc=2.78801e+10
bc(0/0/0/1/1/0)cc=1.41765e+08
bc(1/0/0/1/1/0)cc=1.68609e+10
bc(0/0/0/0/0/1)cc=7.28957e+06
bc(1/0/0/0/0/1)cc=2.94058e+06
bc(0/0/0/0/1/1)cc=3.41813e+11
bc(1/0/0/0/1/1)cc=2.68594e+09
bc(0/0/0/1/1/1)cc=1.44796e+11
bc(0/0/1/1/1/1)cc=2.58042e+10
bc(1/0/1/1/1/1)cc=3.69843e+10
bc(0/1/1/1/1/1)cc=1.43365e+11
