h(,0):,heur is GAPDB,mutation_rate:0.8000000,size=2000000,without disjoint patterns
h(,1):,heur is GAPDB,mutation_rate:0.5000000,size=50000,without disjoint patterns
h(,2):,heur is GAPDB,mutation_rate:1.0000000,size=2000000,with disjoint patterns
h(,3):,heur is GAPDB,mutation_rate:0.6000000,size=2000000,with disjoint patterns
h(,4):,heur is GAPDB,mutation_rate:0.2000000,size=2000000,without disjoint patterns
h(,5):,heur is GAPDB,mutation_rate:0.4000000,size=2000000,without disjoint patterns
bc(1/0/0/0/0/0)cc=451974
bc(0/1/0/0/0/0)cc=6.46485e+08
bc(1/1/0/0/0/0)cc=262733
bc(0/0/0/1/1/0)cc=6717.22
bc(1/0/0/1/1/0)cc=2177.68
bc(0/1/0/1/1/0)cc=3077.62
bc(1/1/0/1/1/0)cc=1166.89
bc(1/1/1/1/1/1)cc=61565.6
