h(,0):,heur is GAPDB,mutation_rate:0.4000000,size=2000000,without disjoint patterns
h(,1):,heur is GAPDB,mutation_rate:0.6000000,size=2000000,with disjoint patterns
h(,2):,heur is GAPDB,mutation_rate:0.5000000,size=50000,without disjoint patterns
h(,3):,heur is GAPDB,mutation_rate:1.0000000,size=2000000,with disjoint patterns
h(,4):,heur is GAPDB,mutation_rate:0.2000000,size=2000000,without disjoint patterns
h(,5):,heur is GAPDB,mutation_rate:0.8000000,size=2000000,without disjoint patterns
bc(0/0/1/0/0/0)cc=9.09577e+09
bc(1/0/1/1/0/0)cc=32245.3
bc(0/1/0/0/1/0)cc=5.75679e+06
bc(0/1/1/0/1/0)cc=2.86439e+06
bc(1/1/1/1/1/0)cc=42845.6
bc(0/0/0/0/0/1)cc=8.47646e+06
bc(0/0/1/0/0/1)cc=1.97258e+06
bc(1/0/1/1/0/1)cc=12697.4
bc(0/1/0/0/1/1)cc=383965
bc(0/1/1/0/1/1)cc=150138
bc(1/1/1/1/1/1)cc=1.48876e+06
