h(,0):,heur is GAPDB,mutation_rate:0.5000000,size=50000,without disjoint patterns
h(,1):,heur is GAPDB,mutation_rate:1.0000000,size=2000000,with disjoint patterns
h(,2):,No Name
h(,3):,No Name
h(,4):,heur is GAPDB,mutation_rate:0.6000000,size=2000000,with disjoint patterns
h(,5):,No Name
bc(1/0/0/0/0/0)cc=2.92734e+14
bc(1/1/0/0/0/0)cc=1.1259e+12
bc(0/0/1/1/0/1)cc=3.44983e+26
bc(1/0/1/1/0/1)cc=1.13164e+15
bc(0/1/1/1/0/1)cc=1.3195e+10
bc(1/1/1/1/0/1)cc=5.8521e+10
bc(0/0/1/1/1/1)cc=6.79969e+10
bc(1/0/1/1/1/1)cc=4.55899e+10
bc(1/1/1/1/1/1)cc=5.81796e+08
