h(,0):,heur is GAPDB,mutation_rate:0.6000000,size=2000000,with disjoint patterns
h(,1):,No Name
h(,2):,heur is GAPDB,mutation_rate:0.5000000,size=50000,without disjoint patterns
h(,3):,No Name
h(,4):,No Name
h(,5):,heur is GAPDB,mutation_rate:1.0000000,size=2000000,with disjoint patterns
bc(0/0/1/0/0/0)cc=2.20117e+07
bc(0/1/0/1/1/0)cc=2.70482e+16
bc(1/1/0/1/1/0)cc=4.50268e+07
bc(0/1/1/1/1/0)cc=5.59974e+09
bc(1/1/1/1/1/0)cc=6.12988e+07
bc(0/1/0/1/1/1)cc=3.67493e+06
bc(1/1/0/1/1/1)cc=20140
bc(0/1/1/1/1/1)cc=1.53731e+07
bc(1/1/1/1/1/1)cc=4.80568e+06
