h(,0):,heur is GAPDB,mutation_rate:0.6000000,size=2000000,with disjoint patterns
h(,1):,heur is GAPDB,mutation_rate:0.5000000,size=50000,without disjoint patterns
h(,2):,No Name
h(,3):,No Name
h(,4):,No Name
h(,5):,heur is GAPDB,mutation_rate:1.0000000,size=2000000,with disjoint patterns
bc(0/0/1/1/1/0)cc=1.18567e+21
bc(1/0/1/1/1/0)cc=2.87432e+10
bc(0/1/1/1/1/0)cc=1.22461e+07
bc(1/1/1/1/1/0)cc=2.68137e+07
bc(0/0/1/1/1/1)cc=5.90547e+07
bc(1/0/1/1/1/1)cc=2.5723e+08
bc(0/1/1/1/1/1)cc=2.43812e+07
bc(1/1/1/1/1/1)cc=1.64879e+08
