h(,0):,heur is GAPDB,mutation_rate:0.6000000,size=2000000,with disjoint patterns
h(,1):,heur is GAPDB,mutation_rate:1.0000000,size=2000000,with disjoint patterns
h(,2):,No Name
h(,3):,No Name
h(,4):,No Name
h(,5):,heur is GAPDB,mutation_rate:0.5000000,size=50000,without disjoint patterns
bc(0/0/1/1/1/0)cc=1.28119e+18
bc(1/0/1/1/1/0)cc=1.91559e+08
bc(0/1/1/1/1/0)cc=2.85567e+06
bc(1/1/1/1/1/0)cc=138848
bc(0/0/1/1/1/1)cc=1.26347e+11
bc(1/0/1/1/1/1)cc=7.09761e+08
bc(0/1/1/1/1/1)cc=7.71426e+06
bc(1/1/1/1/1/1)cc=8.44732e+06
